mode,total_stepcount,number_closed_box,total_time,average_steptime,score,goal_dist,planning_steps,path_cost,crowdedness,branch_complex,map_complex
2,1,10,0.00014368508019916963,0.00014368508019916963,0,1,0,[],8,1,6
2,2,10,7.108813421765448,3.554406710882724,0,1,1126,21,8,1,6
2,3,10,7.169756816949155,2.3899189389830515,0,1,1126,21,3,1,6
2,4,10,7.238206178616344,1.809551544654086,0,2,1126,21,3,1,6
2,5,10,7.309940165427316,1.4619880330854633,0,1,1126,21,3,1,6
2,6,10,7.388476693411564,1.2314127822352607,0,1,1126,21,3,1,6
2,7,9,7.465473738393679,1.0664962483419542,2,1,1126,21,3,1,6
2,8,9,13.608949606800252,1.7011187008500315,2,1,1171,51,3,1,6
