mode,total_stepcount,number_closed_box,total_time,average_steptime,score,goal_dist,planning_steps,path_cost,crowdedness,branch_complex,map_complex
2,1,10,0.00014526403712443524,0.00014526403712443524,0,1,0,[],4,1,5
2,2,10,8.755825758945385,4.377912879472692,0,1,1228,9,4,1,5
2,3,10,8.82939607266044,2.9431320242201466,0,1,1228,9,4,1,5
2,4,9,8.917586738024994,2.2293966845062485,1,5,1228,9,4,1,5
2,5,9,19.243858449669563,3.848771689933913,1,5,941,54,4,1,5
