mode,total_stepcount,number_closed_box,total_time,average_steptime,score,goal_dist,crowdedness,branch_complex,map_complex
1,1,10,0.0001776325839738304,0.0001776325839738304,0,2,19,6,29
1,2,10,0.108208638548876,0.054104319274438,0,2,20,6,29
1,3,10,0.2110243518483065,0.07034145061610217,0,2,22,6,29
1,4,10,0.3169257405009003,0.07923143512522507,0,1,18,6,29
1,5,10,0.4470802926911299,0.08941605853822598,0,1,18,6,29
1,6,10,0.5531541823197159,0.09219236371995265,0,1,18,6,29
1,7,10,0.661259793969887,0.094465684852841,0,1,16,6,29
