mode,total_stepcount,number_closed_box,total_time,average_steptime,score,goal_dist,crowdedness,branch_complex,map_complex
1,1,10,0.0001768431058228356,0.0001768431058228356,0,4,7,6,23
1,2,10,0.12826967310472936,0.06413483655236468,0,3,8,6,23
1,3,10,0.22680049373963562,0.07560016457987855,0,2,8,6,23
1,4,10,0.38714271672852885,0.09678567918213221,0,2,13,6,23
1,5,10,0.5341218377946086,0.10682436755892173,0,2,8,6,23
