mode,total_stepcount,number_closed_box,total_time,average_steptime,score,goal_dist,planning_steps,path_cost,crowdedness,branch_complex,map_complex
2,1,10,0.00010776381014937722,0.00010776381014937722,0,1,0,[],4,1,5
2,2,10,8.657472137331357,4.328736068665679,0,1,1307,15,4,1,5
2,3,10,8.740410007744783,2.9134700025815943,0,1,1307,15,4,1,5
2,4,10,8.875329903312572,2.218832475828143,0,1,1307,15,4,1,5
2,5,10,8.953100242448835,1.790620048489767,0,1,1307,15,4,1,5
2,6,9,9.04052629792233,1.506754382987055,2,5,1307,15,4,1,5
2,7,9,15.67858950198909,2.239798500284156,2,5,941,54,4,1,5
