mode,total_stepcount,number_closed_box,total_time,average_steptime,score,goal_dist,planning_steps,path_cost,crowdedness,branch_complex,map_complex
2,1,10,0.00012750077171519723,0.00012750077171519723,0,1,0,[],0,1,4
2,2,10,2.5528630831186607,1.2764315415593304,0,1,733,15,0,1,4
2,3,10,2.591739371054088,0.863913123684696,0,1,733,15,4,1,4
2,4,10,2.634490419284117,0.6586226048210293,0,1,733,15,3,1,4
2,5,10,2.6737294725731244,0.5347458945146248,0,1,733,15,4,1,4
2,6,9,2.714719589092251,0.4524532648487085,-1,3,733,15,4,1,4
2,7,9,23.6992552849662,3.385607897852314,-1,3,455,54,4,1,4
